{
  "dategenerated": "2021-10-25T20:18:07.684Z",
  "workassignmentsstart": "05/11/0202",
  "workassignmentsend": "10/12/2022",
  "totalcount": 15349,
  "numnotcomplete": 85,
  "numcomplete": 15264,
  "numcompletenull": 0,
  "countries": [
    {
      "id": 1,
      "name": "United States"
    },
    {
      "id": 2,
      "name": "United Kingdom"
    },
    {
      "id": 3,
      "name": "Canada"
    },
    {
      "id": 4,
      "name": "Austria"
    },
    {
      "id": 5,
      "name": "Andorra"
    },
    {
      "id": 6,
      "name": "Germany"
    },
    {
      "id": 7,
      "name": "Belarus"
    }
  ],
  "jobroles": [
    {
      "id": 1,
      "name": "Risk Control"
    },
    {
      "id": 2,
      "name": "Claims"
    },
    {
      "id": 3,
      "name": "Premium Audit"
    }
  ],
  "comfortlevel": {
    "denominator": 15264,
    "totalcomfortable": 15254,
    "totalnotcomfortable": 9,
    "percentcomfortable": "99.93",
    "percentnotcomfortable": "0.06"
  },
  "measures": {
    "denominator": 15264,
    "totalsocialdistancing": 13560,
    "totalfacecoverings": 13158,
    "totaltracingplan": 5781,
    "totalhealthsafetyplan": 8674,
    "totalemployeehealth": 6056,
    "totalvisitorhealth": 5289,
    "totalvendorprohibit": 98,
    "totalothermeasures": 1454,
    "percentsocialdistancing": "88.84",
    "percentfacecoverings": "86.20",
    "percenttracingplan": "37.87",
    "percenthealthsafetyplan": "56.83",
    "percentemployeehealth": "39.68",
    "percentvisitorhealth": "34.65",
    "percentvendorprohibit": "0.64",
    "percentothermeasures": "9.53"
  },
  "authorizations": {
    "denominator": 13112,
    "totalassignments": 13112,
    "totalauthorized": 13082,
    "totalnotauthorized": 30,
    "percentauthorized": "99.77",
    "percentnotauthorized": "0.23"
  },
  "workassignments": [
    {
      "label": "05/11/0202",
      "value": 1
    },
    {
      "label": "02/24/2020",
      "value": 1
    },
    {
      "label": "04/22/2020",
      "value": 1
    },
    {
      "label": "06/02/2020",
      "value": 1
    },
    {
      "label": "06/25/2020",
      "value": 1
    },
    {
      "label": "06/30/2020",
      "value": 1
    },
    {
      "label": "08/03/2020",
      "value": 1
    },
    {
      "label": "09/10/2020",
      "value": 14
    },
    {
      "label": "09/11/2020",
      "value": 15
    },
    {
      "label": "09/14/2020",
      "value": 32
    },
    {
      "label": "09/15/2020",
      "value": 30
    },
    {
      "label": "09/16/2020",
      "value": 24
    },
    {
      "label": "09/17/2020",
      "value": 29
    },
    {
      "label": "09/18/2020",
      "value": 19
    },
    {
      "label": "09/19/2020",
      "value": 5
    },
    {
      "label": "09/21/2020",
      "value": 29
    },
    {
      "label": "09/22/2020",
      "value": 52
    },
    {
      "label": "09/23/2020",
      "value": 60
    },
    {
      "label": "09/24/2020",
      "value": 48
    },
    {
      "label": "09/25/2020",
      "value": 32
    },
    {
      "label": "09/28/2020",
      "value": 53
    },
    {
      "label": "09/29/2020",
      "value": 90
    },
    {
      "label": "09/30/2020",
      "value": 69
    },
    {
      "label": "10/01/2020",
      "value": 78
    },
    {
      "label": "10/02/2020",
      "value": 53
    },
    {
      "label": "10/03/2020",
      "value": 1
    },
    {
      "label": "10/05/2020",
      "value": 48
    },
    {
      "label": "10/06/2020",
      "value": 65
    },
    {
      "label": "10/07/2020",
      "value": 74
    },
    {
      "label": "10/08/2020",
      "value": 70
    },
    {
      "label": "10/09/2020",
      "value": 40
    },
    {
      "label": "10/11/2020",
      "value": 1
    },
    {
      "label": "10/12/2020",
      "value": 22
    },
    {
      "label": "10/13/2020",
      "value": 44
    },
    {
      "label": "10/14/2020",
      "value": 69
    },
    {
      "label": "10/15/2020",
      "value": 58
    },
    {
      "label": "10/16/2020",
      "value": 54
    },
    {
      "label": "10/18/2020",
      "value": 1
    },
    {
      "label": "10/19/2020",
      "value": 19
    },
    {
      "label": "10/20/2020",
      "value": 55
    },
    {
      "label": "10/21/2020",
      "value": 52
    },
    {
      "label": "10/22/2020",
      "value": 48
    },
    {
      "label": "10/23/2020",
      "value": 33
    },
    {
      "label": "10/24/2020",
      "value": 1
    },
    {
      "label": "10/25/2020",
      "value": 1
    },
    {
      "label": "10/26/2020",
      "value": 42
    },
    {
      "label": "10/27/2020",
      "value": 66
    },
    {
      "label": "10/28/2020",
      "value": 60
    },
    {
      "label": "10/29/2020",
      "value": 64
    },
    {
      "label": "10/30/2020",
      "value": 27
    },
    {
      "label": "10/31/2020",
      "value": 1
    },
    {
      "label": "11/01/2020",
      "value": 2
    },
    {
      "label": "11/02/2020",
      "value": 40
    },
    {
      "label": "11/03/2020",
      "value": 52
    },
    {
      "label": "11/04/2020",
      "value": 73
    },
    {
      "label": "11/05/2020",
      "value": 74
    },
    {
      "label": "11/06/2020",
      "value": 37
    },
    {
      "label": "11/07/2020",
      "value": 3
    },
    {
      "label": "11/08/2020",
      "value": 1
    },
    {
      "label": "11/09/2020",
      "value": 65
    },
    {
      "label": "11/10/2020",
      "value": 68
    },
    {
      "label": "11/11/2020",
      "value": 74
    },
    {
      "label": "11/12/2020",
      "value": 78
    },
    {
      "label": "11/13/2020",
      "value": 45
    },
    {
      "label": "11/14/2020",
      "value": 1
    },
    {
      "label": "11/15/2020",
      "value": 2
    },
    {
      "label": "11/16/2020",
      "value": 47
    },
    {
      "label": "11/17/2020",
      "value": 108
    },
    {
      "label": "11/18/2020",
      "value": 74
    },
    {
      "label": "11/19/2020",
      "value": 63
    },
    {
      "label": "11/20/2020",
      "value": 32
    },
    {
      "label": "11/21/2020",
      "value": 2
    },
    {
      "label": "11/22/2020",
      "value": 3
    },
    {
      "label": "11/23/2020",
      "value": 41
    },
    {
      "label": "11/24/2020",
      "value": 68
    },
    {
      "label": "11/25/2020",
      "value": 22
    },
    {
      "label": "11/27/2020",
      "value": 7
    },
    {
      "label": "11/29/2020",
      "value": 2
    },
    {
      "label": "11/30/2020",
      "value": 31
    },
    {
      "label": "12/01/2020",
      "value": 71
    },
    {
      "label": "12/02/2020",
      "value": 108
    },
    {
      "label": "12/03/2020",
      "value": 80
    },
    {
      "label": "12/04/2020",
      "value": 35
    },
    {
      "label": "12/05/2020",
      "value": 4
    },
    {
      "label": "12/06/2020",
      "value": 1
    },
    {
      "label": "12/07/2020",
      "value": 48
    },
    {
      "label": "12/08/2020",
      "value": 74
    },
    {
      "label": "12/09/2020",
      "value": 68
    },
    {
      "label": "12/10/2020",
      "value": 66
    },
    {
      "label": "12/11/2020",
      "value": 45
    },
    {
      "label": "12/12/2020",
      "value": 2
    },
    {
      "label": "12/13/2020",
      "value": 2
    },
    {
      "label": "12/14/2020",
      "value": 62
    },
    {
      "label": "12/15/2020",
      "value": 89
    },
    {
      "label": "12/16/2020",
      "value": 73
    },
    {
      "label": "12/17/2020",
      "value": 40
    },
    {
      "label": "12/18/2020",
      "value": 25
    },
    {
      "label": "12/19/2020",
      "value": 3
    },
    {
      "label": "12/20/2020",
      "value": 3
    },
    {
      "label": "12/21/2020",
      "value": 14
    },
    {
      "label": "12/22/2020",
      "value": 38
    },
    {
      "label": "12/23/2020",
      "value": 18
    },
    {
      "label": "12/28/2020",
      "value": 8
    },
    {
      "label": "12/29/2020",
      "value": 24
    },
    {
      "label": "12/30/2020",
      "value": 19
    },
    {
      "label": "12/31/2020",
      "value": 3
    },
    {
      "label": "01/02/2021",
      "value": 1
    },
    {
      "label": "01/03/2021",
      "value": 1
    },
    {
      "label": "01/04/2021",
      "value": 21
    },
    {
      "label": "01/05/2021",
      "value": 61
    },
    {
      "label": "01/06/2021",
      "value": 86
    },
    {
      "label": "01/07/2021",
      "value": 79
    },
    {
      "label": "01/08/2021",
      "value": 48
    },
    {
      "label": "01/09/2021",
      "value": 5
    },
    {
      "label": "01/10/2021",
      "value": 5
    },
    {
      "label": "01/11/2021",
      "value": 42
    },
    {
      "label": "01/12/2021",
      "value": 87
    },
    {
      "label": "01/13/2021",
      "value": 88
    },
    {
      "label": "01/14/2021",
      "value": 90
    },
    {
      "label": "01/15/2021",
      "value": 41
    },
    {
      "label": "01/16/2021",
      "value": 1
    },
    {
      "label": "01/17/2021",
      "value": 6
    },
    {
      "label": "01/18/2021",
      "value": 21
    },
    {
      "label": "01/19/2021",
      "value": 71
    },
    {
      "label": "01/20/2021",
      "value": 62
    },
    {
      "label": "01/21/2021",
      "value": 63
    },
    {
      "label": "01/22/2021",
      "value": 26
    },
    {
      "label": "01/23/2021",
      "value": 4
    },
    {
      "label": "01/24/2021",
      "value": 5
    },
    {
      "label": "01/25/2021",
      "value": 41
    },
    {
      "label": "01/26/2021",
      "value": 73
    },
    {
      "label": "01/27/2021",
      "value": 65
    },
    {
      "label": "01/28/2021",
      "value": 94
    },
    {
      "label": "01/29/2021",
      "value": 34
    },
    {
      "label": "01/30/2021",
      "value": 9
    },
    {
      "label": "01/31/2021",
      "value": 5
    },
    {
      "label": "02/01/2021",
      "value": 49
    },
    {
      "label": "02/02/2021",
      "value": 65
    },
    {
      "label": "02/03/2021",
      "value": 77
    },
    {
      "label": "02/04/2021",
      "value": 89
    },
    {
      "label": "02/05/2021",
      "value": 50
    },
    {
      "label": "02/06/2021",
      "value": 3
    },
    {
      "label": "02/07/2021",
      "value": 4
    },
    {
      "label": "02/08/2021",
      "value": 35
    },
    {
      "label": "02/09/2021",
      "value": 83
    },
    {
      "label": "02/10/2021",
      "value": 57
    },
    {
      "label": "02/11/2021",
      "value": 84
    },
    {
      "label": "02/12/2021",
      "value": 48
    },
    {
      "label": "02/13/2021",
      "value": 1
    },
    {
      "label": "02/14/2021",
      "value": 1
    },
    {
      "label": "02/15/2021",
      "value": 10
    },
    {
      "label": "02/16/2021",
      "value": 61
    },
    {
      "label": "02/17/2021",
      "value": 61
    },
    {
      "label": "02/18/2021",
      "value": 64
    },
    {
      "label": "02/19/2021",
      "value": 33
    },
    {
      "label": "02/20/2021",
      "value": 2
    },
    {
      "label": "02/21/2021",
      "value": 1
    },
    {
      "label": "02/22/2021",
      "value": 51
    },
    {
      "label": "02/23/2021",
      "value": 82
    },
    {
      "label": "02/24/2021",
      "value": 73
    },
    {
      "label": "02/25/2021",
      "value": 96
    },
    {
      "label": "02/26/2021",
      "value": 30
    },
    {
      "label": "02/27/2021",
      "value": 5
    },
    {
      "label": "03/01/2021",
      "value": 42
    },
    {
      "label": "03/02/2021",
      "value": 93
    },
    {
      "label": "03/03/2021",
      "value": 77
    },
    {
      "label": "03/04/2021",
      "value": 73
    },
    {
      "label": "03/05/2021",
      "value": 30
    },
    {
      "label": "03/06/2021",
      "value": 1
    },
    {
      "label": "03/07/2021",
      "value": 4
    },
    {
      "label": "03/08/2021",
      "value": 66
    },
    {
      "label": "03/09/2021",
      "value": 80
    },
    {
      "label": "03/10/2021",
      "value": 58
    },
    {
      "label": "03/11/2021",
      "value": 60
    },
    {
      "label": "03/12/2021",
      "value": 24
    },
    {
      "label": "03/13/2021",
      "value": 3
    },
    {
      "label": "03/14/2021",
      "value": 2
    },
    {
      "label": "03/15/2021",
      "value": 60
    },
    {
      "label": "03/16/2021",
      "value": 85
    },
    {
      "label": "03/17/2021",
      "value": 64
    },
    {
      "label": "03/18/2021",
      "value": 69
    },
    {
      "label": "03/19/2021",
      "value": 38
    },
    {
      "label": "03/20/2021",
      "value": 2
    },
    {
      "label": "03/22/2021",
      "value": 18
    },
    {
      "label": "03/23/2021",
      "value": 21
    },
    {
      "label": "03/24/2021",
      "value": 12
    },
    {
      "label": "03/25/2021",
      "value": 6
    },
    {
      "label": "03/26/2021",
      "value": 6
    },
    {
      "label": "03/27/2021",
      "value": 1
    },
    {
      "label": "03/28/2021",
      "value": 1
    },
    {
      "label": "03/29/2021",
      "value": 2
    },
    {
      "label": "03/30/2021",
      "value": 4
    },
    {
      "label": "03/31/2021",
      "value": 11
    },
    {
      "label": "04/01/2021",
      "value": 7
    },
    {
      "label": "04/02/2021",
      "value": 1
    },
    {
      "label": "04/03/2021",
      "value": 1
    },
    {
      "label": "04/06/2021",
      "value": 6
    },
    {
      "label": "04/07/2021",
      "value": 18
    },
    {
      "label": "04/08/2021",
      "value": 24
    },
    {
      "label": "04/09/2021",
      "value": 35
    },
    {
      "label": "04/10/2021",
      "value": 3
    },
    {
      "label": "04/11/2021",
      "value": 5
    },
    {
      "label": "04/12/2021",
      "value": 30
    },
    {
      "label": "04/13/2021",
      "value": 51
    },
    {
      "label": "04/14/2021",
      "value": 56
    },
    {
      "label": "04/15/2021",
      "value": 53
    },
    {
      "label": "04/16/2021",
      "value": 33
    },
    {
      "label": "04/17/2021",
      "value": 1
    },
    {
      "label": "04/18/2021",
      "value": 2
    },
    {
      "label": "04/19/2021",
      "value": 34
    },
    {
      "label": "04/20/2021",
      "value": 55
    },
    {
      "label": "04/21/2021",
      "value": 71
    },
    {
      "label": "04/22/2021",
      "value": 64
    },
    {
      "label": "04/23/2021",
      "value": 48
    },
    {
      "label": "04/24/2021",
      "value": 3
    },
    {
      "label": "04/26/2021",
      "value": 26
    },
    {
      "label": "04/27/2021",
      "value": 93
    },
    {
      "label": "04/28/2021",
      "value": 66
    },
    {
      "label": "04/29/2021",
      "value": 62
    },
    {
      "label": "04/30/2021",
      "value": 25
    },
    {
      "label": "05/03/2021",
      "value": 28
    },
    {
      "label": "05/04/2021",
      "value": 70
    },
    {
      "label": "05/05/2021",
      "value": 65
    },
    {
      "label": "05/06/2021",
      "value": 72
    },
    {
      "label": "05/07/2021",
      "value": 27
    },
    {
      "label": "05/09/2021",
      "value": 4
    },
    {
      "label": "05/10/2021",
      "value": 39
    },
    {
      "label": "05/11/2021",
      "value": 69
    },
    {
      "label": "05/12/2021",
      "value": 72
    },
    {
      "label": "05/13/2021",
      "value": 75
    },
    {
      "label": "05/14/2021",
      "value": 20
    },
    {
      "label": "05/16/2021",
      "value": 1
    },
    {
      "label": "05/17/2021",
      "value": 42
    },
    {
      "label": "05/18/2021",
      "value": 50
    },
    {
      "label": "05/19/2021",
      "value": 81
    },
    {
      "label": "05/20/2021",
      "value": 73
    },
    {
      "label": "05/21/2021",
      "value": 28
    },
    {
      "label": "05/22/2021",
      "value": 2
    },
    {
      "label": "05/23/2021",
      "value": 3
    },
    {
      "label": "05/24/2021",
      "value": 29
    },
    {
      "label": "05/25/2021",
      "value": 72
    },
    {
      "label": "05/26/2021",
      "value": 57
    },
    {
      "label": "05/27/2021",
      "value": 87
    },
    {
      "label": "05/28/2021",
      "value": 22
    },
    {
      "label": "05/29/2021",
      "value": 1
    },
    {
      "label": "05/30/2021",
      "value": 1
    },
    {
      "label": "05/31/2021",
      "value": 1
    },
    {
      "label": "06/01/2021",
      "value": 33
    },
    {
      "label": "06/02/2021",
      "value": 79
    },
    {
      "label": "06/03/2021",
      "value": 74
    },
    {
      "label": "06/04/2021",
      "value": 43
    },
    {
      "label": "06/05/2021",
      "value": 2
    },
    {
      "label": "06/06/2021",
      "value": 1
    },
    {
      "label": "06/07/2021",
      "value": 49
    },
    {
      "label": "06/08/2021",
      "value": 70
    },
    {
      "label": "06/09/2021",
      "value": 75
    },
    {
      "label": "06/10/2021",
      "value": 61
    },
    {
      "label": "06/11/2021",
      "value": 29
    },
    {
      "label": "06/13/2021",
      "value": 2
    },
    {
      "label": "06/14/2021",
      "value": 43
    },
    {
      "label": "06/15/2021",
      "value": 76
    },
    {
      "label": "06/16/2021",
      "value": 76
    },
    {
      "label": "06/17/2021",
      "value": 67
    },
    {
      "label": "06/18/2021",
      "value": 26
    },
    {
      "label": "06/20/2021",
      "value": 1
    },
    {
      "label": "06/21/2021",
      "value": 32
    },
    {
      "label": "06/22/2021",
      "value": 70
    },
    {
      "label": "06/23/2021",
      "value": 68
    },
    {
      "label": "06/24/2021",
      "value": 62
    },
    {
      "label": "06/25/2021",
      "value": 48
    },
    {
      "label": "06/26/2021",
      "value": 2
    },
    {
      "label": "06/28/2021",
      "value": 43
    },
    {
      "label": "06/29/2021",
      "value": 76
    },
    {
      "label": "06/30/2021",
      "value": 54
    },
    {
      "label": "07/01/2021",
      "value": 48
    },
    {
      "label": "07/02/2021",
      "value": 17
    },
    {
      "label": "07/05/2021",
      "value": 4
    },
    {
      "label": "07/06/2021",
      "value": 36
    },
    {
      "label": "07/07/2021",
      "value": 75
    },
    {
      "label": "07/08/2021",
      "value": 59
    },
    {
      "label": "07/09/2021",
      "value": 37
    },
    {
      "label": "07/10/2021",
      "value": 1
    },
    {
      "label": "07/11/2021",
      "value": 1
    },
    {
      "label": "07/12/2021",
      "value": 46
    },
    {
      "label": "07/13/2021",
      "value": 79
    },
    {
      "label": "07/14/2021",
      "value": 76
    },
    {
      "label": "07/15/2021",
      "value": 71
    },
    {
      "label": "07/16/2021",
      "value": 40
    },
    {
      "label": "07/18/2021",
      "value": 3
    },
    {
      "label": "07/19/2021",
      "value": 32
    },
    {
      "label": "07/20/2021",
      "value": 76
    },
    {
      "label": "07/21/2021",
      "value": 82
    },
    {
      "label": "07/22/2021",
      "value": 73
    },
    {
      "label": "07/23/2021",
      "value": 43
    },
    {
      "label": "07/25/2021",
      "value": 1
    },
    {
      "label": "07/26/2021",
      "value": 35
    },
    {
      "label": "07/27/2021",
      "value": 82
    },
    {
      "label": "07/28/2021",
      "value": 72
    },
    {
      "label": "07/29/2021",
      "value": 67
    },
    {
      "label": "07/30/2021",
      "value": 32
    },
    {
      "label": "07/31/2021",
      "value": 2
    },
    {
      "label": "08/01/2021",
      "value": 3
    },
    {
      "label": "08/02/2021",
      "value": 50
    },
    {
      "label": "08/03/2021",
      "value": 95
    },
    {
      "label": "08/04/2021",
      "value": 75
    },
    {
      "label": "08/05/2021",
      "value": 58
    },
    {
      "label": "08/06/2021",
      "value": 38
    },
    {
      "label": "08/07/2021",
      "value": 1
    },
    {
      "label": "08/08/2021",
      "value": 3
    },
    {
      "label": "08/09/2021",
      "value": 32
    },
    {
      "label": "08/10/2021",
      "value": 73
    },
    {
      "label": "08/11/2021",
      "value": 73
    },
    {
      "label": "08/12/2021",
      "value": 73
    },
    {
      "label": "08/13/2021",
      "value": 39
    },
    {
      "label": "08/14/2021",
      "value": 1
    },
    {
      "label": "08/15/2021",
      "value": 2
    },
    {
      "label": "08/16/2021",
      "value": 24
    },
    {
      "label": "08/17/2021",
      "value": 60
    },
    {
      "label": "08/18/2021",
      "value": 64
    },
    {
      "label": "08/19/2021",
      "value": 73
    },
    {
      "label": "08/20/2021",
      "value": 45
    },
    {
      "label": "08/21/2021",
      "value": 5
    },
    {
      "label": "08/22/2021",
      "value": 3
    },
    {
      "label": "08/23/2021",
      "value": 40
    },
    {
      "label": "08/24/2021",
      "value": 85
    },
    {
      "label": "08/25/2021",
      "value": 74
    },
    {
      "label": "08/26/2021",
      "value": 81
    },
    {
      "label": "08/27/2021",
      "value": 30
    },
    {
      "label": "08/28/2021",
      "value": 1
    },
    {
      "label": "08/29/2021",
      "value": 3
    },
    {
      "label": "08/30/2021",
      "value": 34
    },
    {
      "label": "08/31/2021",
      "value": 59
    },
    {
      "label": "09/01/2021",
      "value": 71
    },
    {
      "label": "09/02/2021",
      "value": 51
    },
    {
      "label": "09/03/2021",
      "value": 20
    },
    {
      "label": "09/04/2021",
      "value": 3
    },
    {
      "label": "09/05/2021",
      "value": 4
    },
    {
      "label": "09/06/2021",
      "value": 3
    },
    {
      "label": "09/07/2021",
      "value": 41
    },
    {
      "label": "09/08/2021",
      "value": 96
    },
    {
      "label": "09/09/2021",
      "value": 66
    },
    {
      "label": "09/10/2021",
      "value": 55
    },
    {
      "label": "09/11/2021",
      "value": 2
    },
    {
      "label": "09/12/2021",
      "value": 2
    },
    {
      "label": "09/13/2021",
      "value": 36
    },
    {
      "label": "09/14/2021",
      "value": 79
    },
    {
      "label": "09/15/2021",
      "value": 67
    },
    {
      "label": "09/16/2021",
      "value": 76
    },
    {
      "label": "09/17/2021",
      "value": 30
    },
    {
      "label": "09/18/2021",
      "value": 4
    },
    {
      "label": "09/20/2021",
      "value": 24
    },
    {
      "label": "09/21/2021",
      "value": 63
    },
    {
      "label": "09/22/2021",
      "value": 49
    },
    {
      "label": "09/23/2021",
      "value": 63
    },
    {
      "label": "09/24/2021",
      "value": 51
    },
    {
      "label": "09/25/2021",
      "value": 13
    },
    {
      "label": "09/26/2021",
      "value": 5
    },
    {
      "label": "09/27/2021",
      "value": 45
    },
    {
      "label": "09/28/2021",
      "value": 75
    },
    {
      "label": "09/29/2021",
      "value": 58
    },
    {
      "label": "09/30/2021",
      "value": 49
    },
    {
      "label": "10/01/2021",
      "value": 29
    },
    {
      "label": "10/02/2021",
      "value": 1
    },
    {
      "label": "10/03/2021",
      "value": 4
    },
    {
      "label": "10/04/2021",
      "value": 39
    },
    {
      "label": "10/05/2021",
      "value": 70
    },
    {
      "label": "10/06/2021",
      "value": 74
    },
    {
      "label": "10/07/2021",
      "value": 63
    },
    {
      "label": "10/08/2021",
      "value": 35
    },
    {
      "label": "10/09/2021",
      "value": 3
    },
    {
      "label": "10/11/2021",
      "value": 30
    },
    {
      "label": "10/12/2021",
      "value": 55
    },
    {
      "label": "10/13/2021",
      "value": 51
    },
    {
      "label": "10/14/2021",
      "value": 69
    },
    {
      "label": "10/15/2021",
      "value": 36
    },
    {
      "label": "10/16/2021",
      "value": 2
    },
    {
      "label": "10/17/2021",
      "value": 4
    },
    {
      "label": "10/18/2021",
      "value": 24
    },
    {
      "label": "10/19/2021",
      "value": 76
    },
    {
      "label": "10/20/2021",
      "value": 63
    },
    {
      "label": "10/21/2021",
      "value": 88
    },
    {
      "label": "10/22/2021",
      "value": 42
    },
    {
      "label": "10/23/2021",
      "value": 2
    },
    {
      "label": "10/24/2021",
      "value": 3
    },
    {
      "label": "10/25/2021",
      "value": 35
    },
    {
      "label": "10/26/2021",
      "value": 34
    },
    {
      "label": "10/27/2021",
      "value": 17
    },
    {
      "label": "10/28/2021",
      "value": 13
    },
    {
      "label": "10/29/2021",
      "value": 5
    },
    {
      "label": "11/01/2021",
      "value": 3
    },
    {
      "label": "11/02/2021",
      "value": 4
    },
    {
      "label": "11/04/2021",
      "value": 4
    },
    {
      "label": "11/08/2021",
      "value": 2
    },
    {
      "label": "11/09/2021",
      "value": 1
    },
    {
      "label": "11/10/2021",
      "value": 1
    },
    {
      "label": "11/11/2021",
      "value": 1
    },
    {
      "label": "11/15/2021",
      "value": 1
    },
    {
      "label": "11/16/2021",
      "value": 1
    },
    {
      "label": "12/22/2021",
      "value": 1
    },
    {
      "label": "05/02/2022",
      "value": 1
    },
    {
      "label": "05/13/2022",
      "value": 1
    },
    {
      "label": "05/27/2022",
      "value": 1
    },
    {
      "label": "07/05/2022",
      "value": 1
    },
    {
      "label": "07/06/2022",
      "value": 1
    },
    {
      "label": "08/09/2022",
      "value": 1
    },
    {
      "label": "09/30/2022",
      "value": 1
    },
    {
      "label": "10/12/2022",
      "value": 1
    }
  ],
  "healthquestions": {
    "totalsymptoms": 13,
    "totalhadcontact": 12,
    "totalcurrentlysick": 2,
    "totalawaitingresults": 3,
    "totaltraveledtowidespreadlocation": 0
  },
  "healthquestionsNH": {
    "totalsymptomsnh": 0,
    "totalcovidcontactnh": 0,
    "totalnonessentialtravelnh": 0
  },
  "workwithcounts": {
    "totalworkwithlength": 12574,
    "denominator": 12574,
    "totalworkwith0": 642,
    "totalworkwith1to3": 10375,
    "totalworkwith4to10": 806,
    "totalworkwith11to25": 35,
    "totalworkwithmorethan25": 14,
    "percentworkwith0": "5.11",
    "percentworkwith1to3": "82.51",
    "percentworkwith4to10": "6.41",
    "percentworkwith11to25": "0.28",
    "percentworkwithmorethan25": "0.11"
  },
  "compliance": {
    "denominator": 12573,
    "totalcompliant": 12508,
    "totalnoncompliant": 65,
    "percentcompliant": "99.48",
    "percentnoncompliant": "0.52"
  },
  "addressnoncompliance": {
    "denominator": 15264,
    "totaladdressnoncompliance": 48,
    "totalnotaddressnoncompliance": 3,
    "percentaddressnoncompliance": "0.31",
    "percentnotaddressnoncompliance": "0.02"
  },
  "corrections": {
    "denominator": 48,
    "totalmorephysicaldistance": 27,
    "totalaskforchange": 1,
    "totaladdedppe": 15,
    "totaldidnotgointoarea": 3,
    "totalrescheduledvisit": 0,
    "totalothercorrections": 6,
    "percentmorephysicaldistance": "56.25",
    "percentaskforchange": "2.08",
    "percentaddedppe": "31.25",
    "percentdidnotgointoarea": "6.25",
    "percentrescheduledvisit": "0.00",
    "percentothercorrections": "12.50"
  }
}